;Airline;Origin airport;Destination airport;Departure date;Scheduled departure time;Scheduled arrival time;Actual arrival time;Arrival delay in minutes;Delay indicator;Day of Week;Route Code;Number of passengers;Departure;expec_arrival;actual_arrival;expec_flight_duration;actual_flight_duration;Delay_per_minute_flight_duration
0;FlyUIBK;TXL;VIE;01.09.2021;09:10;10:40;11:00;20;1;4;1;176.0;2021-01-09 09:10:00;2021-01-09 10:40:00;2021-01-09 11:00:00;90.0;110.0;0.2222222222222222
1;FlyUIBK;TXL;VIE;01.09.2021;13:10;14:40;15:00;20;1;4;1;192.0;2021-01-09 13:10:00;2021-01-09 14:40:00;2021-01-09 15:00:00;90.0;110.0;0.2222222222222222
2;FlyUIBK;TXL;VIE;01.09.2021;18:10;19:40;19:58;18;1;4;1;174.0;2021-01-09 18:10:00;2021-01-09 19:40:00;2021-01-09 19:58:00;90.0;108.0;0.2
3;FlyUIBK;TXL;VIE;02.09.2021;09:10;10:40;10:50;10;0;5;1;88.0;2021-02-09 09:10:00;2021-02-09 10:40:00;2021-02-09 10:50:00;90.0;100.0;0.1111111111111111
4;FlyUIBK;TXL;VIE;02.09.2021;13:10;14:40;14:51;11;0;5;1;99.0;2021-02-09 13:10:00;2021-02-09 14:40:00;2021-02-09 14:51:00;90.0;101.0;0.12222222222222222
5;FlyUIBK;TXL;VIE;02.09.2021;18:10;19:40;19:50;10;0;5;1;109.0;2021-02-09 18:10:00;2021-02-09 19:40:00;2021-02-09 19:50:00;90.0;100.0;0.1111111111111111
6;FlyUIBK;TXL;VIE;03.09.2021;09:10;10:40;10:49;9;0;6;1;94.0;2021-03-09 09:10:00;2021-03-09 10:40:00;2021-03-09 10:49:00;90.0;99.0;0.1
7;FlyUIBK;TXL;VIE;03.09.2021;13:10;14:40;14:49;9;0;6;1;104.0;2021-03-09 13:10:00;2021-03-09 14:40:00;2021-03-09 14:49:00;90.0;99.0;0.1
8;FlyUIBK;TXL;VIE;03.09.2021;18:10;19:40;19:49;9;0;6;1;105.0;2021-03-09 18:10:00;2021-03-09 19:40:00;2021-03-09 19:49:00;90.0;99.0;0.1
9;FlyUIBK;TXL;VIE;04.09.2021;09:10;10:40;10:50;10;0;7;1;100.0;2021-04-09 09:10:00;2021-04-09 10:40:00;2021-04-09 10:50:00;90.0;100.0;0.1111111111111111
10;FlyUIBK;TXL;VIE;04.09.2021;13:10;14:40;14:50;10;0;7;1;94.0;2021-04-09 13:10:00;2021-04-09 14:40:00;2021-04-09 14:50:00;90.0;100.0;0.1111111111111111
11;FlyUIBK;TXL;VIE;04.09.2021;18:10;19:40;19:49;9;0;7;1;92.0;2021-04-09 18:10:00;2021-04-09 19:40:00;2021-04-09 19:49:00;90.0;99.0;0.1
12;FlyUIBK;TXL;VIE;05.09.2021;09:10;10:40;10:53;13;0;1;1;182.0;2021-05-09 09:10:00;2021-05-09 10:40:00;2021-05-09 10:53:00;90.0;103.0;0.14444444444444443
13;FlyUIBK;TXL;VIE;05.09.2021;13:10;14:40;14:53;13;0;1;1;193.0;2021-05-09 13:10:00;2021-05-09 14:40:00;2021-05-09 14:53:00;90.0;103.0;0.14444444444444443
14;FlyUIBK;TXL;VIE;05.09.2021;18:10;19:40;19:53;13;0;1;1;192.0;2021-05-09 18:10:00;2021-05-09 19:40:00;2021-05-09 19:53:00;90.0;103.0;0.14444444444444443
15;FlyUIBK;TXL;VIE;06.09.2021;09:10;10:40;10:40;0;0;2;1;104.0;2021-06-09 09:10:00;2021-06-09 10:40:00;2021-06-09 10:40:00;90.0;90.0;0.0
16;FlyUIBK;TXL;VIE;06.09.2021;13:10;14:40;14:40;0;0;2;1;95.0;2021-06-09 13:10:00;2021-06-09 14:40:00;2021-06-09 14:40:00;90.0;90.0;0.0
17;FlyUIBK;TXL;VIE;06.09.2021;18:10;19:40;19:40;0;0;2;1;101.0;2021-06-09 18:10:00;2021-06-09 19:40:00;2021-06-09 19:40:00;90.0;90.0;0.0
18;FlyUIBK;TXL;VIE;07.09.2021;09:10;10:40;10:52;12;0;3;1;84.0;2021-07-09 09:10:00;2021-07-09 10:40:00;2021-07-09 10:52:00;90.0;102.0;0.13333333333333333
19;FlyUIBK;TXL;VIE;07.09.2021;13:10;14:40;14:52;12;0;3;1;111.0;2021-07-09 13:10:00;2021-07-09 14:40:00;2021-07-09 14:52:00;90.0;102.0;0.13333333333333333
20;FlyUIBK;TXL;VIE;07.09.2021;18:10;19:40;19:52;12;0;3;1;118.0;2021-07-09 18:10:00;2021-07-09 19:40:00;2021-07-09 19:52:00;90.0;102.0;0.13333333333333333
21;FlyUIBK;TXL;VIE;08.09.2021;09:10;10:40;11:01;21;1;4;1;189.0;2021-08-09 09:10:00;2021-08-09 10:40:00;2021-08-09 11:01:00;90.0;111.0;0.23333333333333334
22;FlyUIBK;TXL;VIE;08.09.2021;13:10;14:40;15:01;21;1;4;1;169.0;2021-08-09 13:10:00;2021-08-09 14:40:00;2021-08-09 15:01:00;90.0;111.0;0.23333333333333334
23;FlyUIBK;TXL;VIE;08.09.2021;18:10;19:40;20:00;20;1;4;1;172.0;2021-08-09 18:10:00;2021-08-09 19:40:00;2021-08-09 20:00:00;90.0;110.0;0.2222222222222222
24;FlyUIBK;TXL;VIE;09.09.2021;09:10;10:40;10:43;3;0;5;1;73.0;2021-09-09 09:10:00;2021-09-09 10:40:00;2021-09-09 10:43:00;90.0;93.0;0.03333333333333333
25;FlyUIBK;TXL;VIE;09.09.2021;13:10;14:40;14:43;3;0;5;1;124.0;2021-09-09 13:10:00;2021-09-09 14:40:00;2021-09-09 14:43:00;90.0;93.0;0.03333333333333333
26;FlyUIBK;TXL;VIE;09.09.2021;18:10;19:40;19:43;3;0;5;1;92.0;2021-09-09 18:10:00;2021-09-09 19:40:00;2021-09-09 19:43:00;90.0;93.0;0.03333333333333333
27;FlyUIBK;TXL;VIE;10.09.2021;09:10;10:40;10:43;3;0;6;1;110.0;2021-10-09 09:10:00;2021-10-09 10:40:00;2021-10-09 10:43:00;90.0;93.0;0.03333333333333333
28;FlyUIBK;TXL;VIE;10.09.2021;13:10;14:40;14:42;2;0;6;1;93.0;2021-10-09 13:10:00;2021-10-09 14:40:00;2021-10-09 14:42:00;90.0;92.0;0.022222222222222223
29;FlyUIBK;TXL;VIE;10.09.2021;18:10;19:40;19:41;1;0;6;1;109.0;2021-10-09 18:10:00;2021-10-09 19:40:00;2021-10-09 19:41:00;90.0;91.0;0.011111111111111112
30;FlyUIBK;TXL;VIE;11.09.2021;09:10;10:40;10:49;9;0;7;1;126.0;2021-11-09 09:10:00;2021-11-09 10:40:00;2021-11-09 10:49:00;90.0;99.0;0.1
31;FlyUIBK;TXL;VIE;11.09.2021;13:10;14:40;14:48;8;0;7;1;113.0;2021-11-09 13:10:00;2021-11-09 14:40:00;2021-11-09 14:48:00;90.0;98.0;0.08888888888888889
32;FlyUIBK;TXL;VIE;11.09.2021;18:10;19:40;19:48;8;0;7;1;98.0;2021-11-09 18:10:00;2021-11-09 19:40:00;2021-11-09 19:48:00;90.0;98.0;0.08888888888888889
33;FlyUIBK;TXL;VIE;12.09.2021;09:10;10:40;13:08;148;1;1;1;176.0;2021-12-09 09:10:00;2021-12-09 10:40:00;2021-12-09 13:08:00;90.0;238.0;1.6444444444444444
34;FlyUIBK;TXL;VIE;12.09.2021;13:10;14:40;16:40;120;1;1;1;182.0;2021-12-09 13:10:00;2021-12-09 14:40:00;2021-12-09 16:40:00;90.0;210.0;1.3333333333333333
35;FlyUIBK;TXL;VIE;12.09.2021;18:10;19:40;21:33;113;1;1;1;174.0;2021-12-09 18:10:00;2021-12-09 19:40:00;2021-12-09 21:33:00;90.0;203.0;1.2555555555555555
36;FlyUIBK;TXL;VIE;13.09.2021;09:10;10:40;10:50;10;0;2;1;99.0;2021-09-13 09:10:00;2021-09-13 10:40:00;2021-09-13 10:50:00;90.0;100.0;0.1111111111111111
37;FlyUIBK;TXL;VIE;13.09.2021;13:10;14:40;14:50;10;0;2;1;93.0;2021-09-13 13:10:00;2021-09-13 14:40:00;2021-09-13 14:50:00;90.0;100.0;0.1111111111111111
38;FlyUIBK;TXL;VIE;13.09.2021;18:10;19:40;19:50;10;0;2;1;121.0;2021-09-13 18:10:00;2021-09-13 19:40:00;2021-09-13 19:50:00;90.0;100.0;0.1111111111111111
39;FlyUIBK;TXL;VIE;14.09.2021;09:10;10:40;10:53;13;0;3;1;113.0;2021-09-14 09:10:00;2021-09-14 10:40:00;2021-09-14 10:53:00;90.0;103.0;0.14444444444444443
40;FlyUIBK;TXL;VIE;14.09.2021;13:10;14:40;14:54;14;0;3;1;95.0;2021-09-14 13:10:00;2021-09-14 14:40:00;2021-09-14 14:54:00;90.0;104.0;0.15555555555555556
41;FlyUIBK;TXL;VIE;14.09.2021;18:10;19:40;19:53;13;0;3;1;82.0;2021-09-14 18:10:00;2021-09-14 19:40:00;2021-09-14 19:53:00;90.0;103.0;0.14444444444444443
42;FlyUIBK;TXL;VIE;15.09.2021;09:10;10:40;10:55;15;1;4;1;165.0;2021-09-15 09:10:00;2021-09-15 10:40:00;2021-09-15 10:55:00;90.0;105.0;0.16666666666666666
43;FlyUIBK;TXL;VIE;15.09.2021;13:10;14:40;14:55;15;1;4;1;179.0;2021-09-15 13:10:00;2021-09-15 14:40:00;2021-09-15 14:55:00;90.0;105.0;0.16666666666666666
44;FlyUIBK;TXL;VIE;15.09.2021;18:10;19:40;19:54;14;0;4;1;166.0;2021-09-15 18:10:00;2021-09-15 19:40:00;2021-09-15 19:54:00;90.0;104.0;0.15555555555555556
45;FlyUIBK;TXL;VIE;16.09.2021;09:10;10:40;10:38;-2;0;5;1;103.0;2021-09-16 09:10:00;2021-09-16 10:40:00;2021-09-16 10:38:00;90.0;88.0;-0.022222222222222223
46;FlyUIBK;TXL;VIE;16.09.2021;13:10;14:40;14:38;-2;0;5;1;119.0;2021-09-16 13:10:00;2021-09-16 14:40:00;2021-09-16 14:38:00;90.0;88.0;-0.022222222222222223
47;FlyUIBK;TXL;VIE;16.09.2021;18:10;19:40;19:36;-4;0;5;1;84.0;2021-09-16 18:10:00;2021-09-16 19:40:00;2021-09-16 19:36:00;90.0;86.0;-0.044444444444444446
48;FlyUIBK;TXL;VIE;17.09.2021;09:10;10:40;10:51;11;0;6;1;83.0;2021-09-17 09:10:00;2021-09-17 10:40:00;2021-09-17 10:51:00;90.0;101.0;0.12222222222222222
49;FlyUIBK;TXL;VIE;17.09.2021;13:10;14:40;14:51;11;0;6;1;115.0;2021-09-17 13:10:00;2021-09-17 14:40:00;2021-09-17 14:51:00;90.0;101.0;0.12222222222222222
50;FlyUIBK;TXL;VIE;17.09.2021;18:10;19:40;19:51;11;0;6;1;105.0;2021-09-17 18:10:00;2021-09-17 19:40:00;2021-09-17 19:51:00;90.0;101.0;0.12222222222222222
51;FlyUIBK;TXL;VIE;18.09.2021;09:10;10:40;10:43;3;0;7;1;123.0;2021-09-18 09:10:00;2021-09-18 10:40:00;2021-09-18 10:43:00;90.0;93.0;0.03333333333333333
52;FlyUIBK;TXL;VIE;18.09.2021;13:10;14:40;14:43;3;0;7;1;102.0;2021-09-18 13:10:00;2021-09-18 14:40:00;2021-09-18 14:43:00;90.0;93.0;0.03333333333333333
53;FlyUIBK;TXL;VIE;18.09.2021;18:10;19:40;19:43;3;0;7;1;113.0;2021-09-18 18:10:00;2021-09-18 19:40:00;2021-09-18 19:43:00;90.0;93.0;0.03333333333333333
54;FlyUIBK;TXL;VIE;19.09.2021;09:10;10:40;10:57;17;1;1;1;181.0;2021-09-19 09:10:00;2021-09-19 10:40:00;2021-09-19 10:57:00;90.0;107.0;0.18888888888888888
55;FlyUIBK;TXL;VIE;19.09.2021;13:10;14:40;14:58;18;1;1;1;191.0;2021-09-19 13:10:00;2021-09-19 14:40:00;2021-09-19 14:58:00;90.0;108.0;0.2
56;FlyUIBK;TXL;VIE;19.09.2021;18:10;19:40;19:57;17;1;1;1;191.0;2021-09-19 18:10:00;2021-09-19 19:40:00;2021-09-19 19:57:00;90.0;107.0;0.18888888888888888
57;FlyUIBK;TXL;VIE;20.09.2021;09:10;10:40;10:47;7;0;2;1;68.0;2021-09-20 09:10:00;2021-09-20 10:40:00;2021-09-20 10:47:00;90.0;97.0;0.07777777777777778
58;FlyUIBK;TXL;VIE;20.09.2021;13:10;14:40;14:47;7;0;2;1;73.0;2021-09-20 13:10:00;2021-09-20 14:40:00;2021-09-20 14:47:00;90.0;97.0;0.07777777777777778
59;FlyUIBK;TXL;VIE;20.09.2021;18:10;19:40;19:47;7;0;2;1;114.0;2021-09-20 18:10:00;2021-09-20 19:40:00;2021-09-20 19:47:00;90.0;97.0;0.07777777777777778
60;FlyUIBK;TXL;VIE;21.09.2021;09:10;10:40;10:52;12;0;3;1;64.0;2021-09-21 09:10:00;2021-09-21 10:40:00;2021-09-21 10:52:00;90.0;102.0;0.13333333333333333
61;FlyUIBK;TXL;VIE;21.09.2021;13:10;14:40;14:52;12;0;3;1;88.0;2021-09-21 13:10:00;2021-09-21 14:40:00;2021-09-21 14:52:00;90.0;102.0;0.13333333333333333
62;FlyUIBK;TXL;VIE;21.09.2021;18:10;19:40;19:53;13;0;3;1;117.0;2021-09-21 18:10:00;2021-09-21 19:40:00;2021-09-21 19:53:00;90.0;103.0;0.14444444444444443
63;FlyUIBK;TXL;VIE;22.09.2021;09:10;10:40;10:56;16;1;4;1;181.0;2021-09-22 09:10:00;2021-09-22 10:40:00;2021-09-22 10:56:00;90.0;106.0;0.17777777777777778
64;FlyUIBK;TXL;VIE;22.09.2021;13:10;14:40;14:56;16;1;4;1;184.0;2021-09-22 13:10:00;2021-09-22 14:40:00;2021-09-22 14:56:00;90.0;106.0;0.17777777777777778
65;FlyUIBK;TXL;VIE;22.09.2021;18:10;19:40;19:56;16;1;4;1;180.0;2021-09-22 18:10:00;2021-09-22 19:40:00;2021-09-22 19:56:00;90.0;106.0;0.17777777777777778
66;FlyUIBK;TXL;VIE;23.09.2021;09:10;10:40;10:45;5;0;5;1;78.0;2021-09-23 09:10:00;2021-09-23 10:40:00;2021-09-23 10:45:00;90.0;95.0;0.05555555555555555
67;FlyUIBK;TXL;VIE;23.09.2021;13:10;14:40;14:45;5;0;5;1;103.0;2021-09-23 13:10:00;2021-09-23 14:40:00;2021-09-23 14:45:00;90.0;95.0;0.05555555555555555
68;FlyUIBK;TXL;VIE;23.09.2021;18:10;19:40;19:46;6;0;5;1;92.0;2021-09-23 18:10:00;2021-09-23 19:40:00;2021-09-23 19:46:00;90.0;96.0;0.06666666666666667
69;FlyUIBK;TXL;VIE;24.09.2021;09:10;10:40;10:44;4;0;6;1;81.0;2021-09-24 09:10:00;2021-09-24 10:40:00;2021-09-24 10:44:00;90.0;94.0;0.044444444444444446
70;FlyUIBK;TXL;VIE;24.09.2021;13:10;14:40;14:44;4;0;6;1;101.0;2021-09-24 13:10:00;2021-09-24 14:40:00;2021-09-24 14:44:00;90.0;94.0;0.044444444444444446
71;FlyUIBK;TXL;VIE;24.09.2021;18:10;19:40;19:44;4;0;6;1;103.0;2021-09-24 18:10:00;2021-09-24 19:40:00;2021-09-24 19:44:00;90.0;94.0;0.044444444444444446
72;FlyUIBK;TXL;VIE;25.09.2021;09:10;10:40;10:45;5;0;7;1;103.0;2021-09-25 09:10:00;2021-09-25 10:40:00;2021-09-25 10:45:00;90.0;95.0;0.05555555555555555
73;FlyUIBK;TXL;VIE;25.09.2021;13:10;14:40;14:44;4;0;7;1;114.0;2021-09-25 13:10:00;2021-09-25 14:40:00;2021-09-25 14:44:00;90.0;94.0;0.044444444444444446
74;FlyUIBK;TXL;VIE;25.09.2021;18:10;19:40;19:44;4;0;7;1;77.0;2021-09-25 18:10:00;2021-09-25 19:40:00;2021-09-25 19:44:00;90.0;94.0;0.044444444444444446
75;FlyUIBK;TXL;VIE;26.09.2021;09:10;10:40;10:57;17;1;1;1;168.0;2021-09-26 09:10:00;2021-09-26 10:40:00;2021-09-26 10:57:00;90.0;107.0;0.18888888888888888
76;FlyUIBK;TXL;VIE;26.09.2021;13:10;14:40;14:56;16;1;1;1;177.0;2021-09-26 13:10:00;2021-09-26 14:40:00;2021-09-26 14:56:00;90.0;106.0;0.17777777777777778
77;FlyUIBK;TXL;VIE;26.09.2021;18:10;19:40;19:57;17;1;1;1;181.0;2021-09-26 18:10:00;2021-09-26 19:40:00;2021-09-26 19:57:00;90.0;107.0;0.18888888888888888
78;FlyUIBK;TXL;VIE;27.09.2021;09:10;10:40;10:45;5;0;2;1;91.0;2021-09-27 09:10:00;2021-09-27 10:40:00;2021-09-27 10:45:00;90.0;95.0;0.05555555555555555
79;FlyUIBK;TXL;VIE;27.09.2021;13:10;14:40;14:45;5;0;2;1;106.0;2021-09-27 13:10:00;2021-09-27 14:40:00;2021-09-27 14:45:00;90.0;95.0;0.05555555555555555
80;FlyUIBK;TXL;VIE;27.09.2021;18:10;19:40;19:45;5;0;2;1;100.0;2021-09-27 18:10:00;2021-09-27 19:40:00;2021-09-27 19:45:00;90.0;95.0;0.05555555555555555
81;FlyUIBK;TXL;VIE;28.09.2021;09:10;10:40;10:51;11;0;3;1;87.0;2021-09-28 09:10:00;2021-09-28 10:40:00;2021-09-28 10:51:00;90.0;101.0;0.12222222222222222
82;FlyUIBK;TXL;VIE;28.09.2021;13:10;14:40;14:51;11;0;3;1;107.0;2021-09-28 13:10:00;2021-09-28 14:40:00;2021-09-28 14:51:00;90.0;101.0;0.12222222222222222
83;FlyUIBK;TXL;VIE;28.09.2021;18:10;19:40;19:51;11;0;3;1;140.0;2021-09-28 18:10:00;2021-09-28 19:40:00;2021-09-28 19:51:00;90.0;101.0;0.12222222222222222
84;FlyUIBK;TXL;VIE;29.09.2021;09:10;10:40;12:56;136;1;4;1;193.0;2021-09-29 09:10:00;2021-09-29 10:40:00;2021-09-29 12:56:00;90.0;226.0;1.511111111111111
85;FlyUIBK;TXL;VIE;29.09.2021;13:10;14:40;17:02;142;1;4;1;179.0;2021-09-29 13:10:00;2021-09-29 14:40:00;2021-09-29 17:02:00;90.0;232.0;1.5777777777777777
86;FlyUIBK;TXL;VIE;29.09.2021;18:10;19:40;20:05;25;1;4;1;204.0;2021-09-29 18:10:00;2021-09-29 19:40:00;2021-09-29 20:05:00;90.0;115.0;0.2777777777777778
87;FlyUIBK;TXL;VIE;30.09.2021;09:10;10:40;10:49;9;0;5;1;89.0;2021-09-30 09:10:00;2021-09-30 10:40:00;2021-09-30 10:49:00;90.0;99.0;0.1
88;FlyUIBK;TXL;VIE;30.09.2021;13:10;14:40;14:49;9;0;5;1;113.0;2021-09-30 13:10:00;2021-09-30 14:40:00;2021-09-30 14:49:00;90.0;99.0;0.1
89;FlyUIBK;TXL;VIE;30.09.2021;18:10;19:40;19:49;9;0;5;1;101.0;2021-09-30 18:10:00;2021-09-30 19:40:00;2021-09-30 19:49:00;90.0;99.0;0.1
90;FlyUIBK;VIE;TXL;01.09.2021;07:45;09:15;09:38;23;1;4;2;190.0;2021-01-09 07:45:00;2021-01-09 09:15:00;2021-01-09 09:38:00;90.0;113.0;0.25555555555555554
91;FlyUIBK;VIE;TXL;01.09.2021;14:45;16:15;16:37;22;1;4;2;180.0;2021-01-09 14:45:00;2021-01-09 16:15:00;2021-01-09 16:37:00;90.0;112.0;0.24444444444444444
92;FlyUIBK;VIE;TXL;01.09.2021;20:45;22:15;22:39;24;1;4;2;186.0;2021-01-09 20:45:00;2021-01-09 22:15:00;2021-01-09 22:39:00;90.0;114.0;0.26666666666666666
93;FlyUIBK;VIE;TXL;02.09.2021;07:45;09:15;09:25;10;0;5;2;125.0;2021-02-09 07:45:00;2021-02-09 09:15:00;2021-02-09 09:25:00;90.0;100.0;0.1111111111111111
94;FlyUIBK;VIE;TXL;02.09.2021;14:45;16:15;16:25;10;0;5;2;104.0;2021-02-09 14:45:00;2021-02-09 16:15:00;2021-02-09 16:25:00;90.0;100.0;0.1111111111111111
95;FlyUIBK;VIE;TXL;02.09.2021;20:45;22:15;22:24;9;0;5;2;111.0;2021-02-09 20:45:00;2021-02-09 22:15:00;2021-02-09 22:24:00;90.0;99.0;0.1
96;FlyUIBK;VIE;TXL;03.09.2021;07:45;09:15;09:22;7;0;6;2;110.0;2021-03-09 07:45:00;2021-03-09 09:15:00;2021-03-09 09:22:00;90.0;97.0;0.07777777777777778
97;FlyUIBK;VIE;TXL;03.09.2021;14:45;16:15;16:22;7;0;6;2;103.0;2021-03-09 14:45:00;2021-03-09 16:15:00;2021-03-09 16:22:00;90.0;97.0;0.07777777777777778
98;FlyUIBK;VIE;TXL;03.09.2021;20:45;22:15;22:22;7;0;6;2;58.0;2021-03-09 20:45:00;2021-03-09 22:15:00;2021-03-09 22:22:00;90.0;97.0;0.07777777777777778
99;FlyUIBK;VIE;TXL;04.09.2021;07:45;09:15;09:23;8;0;7;2;115.0;2021-04-09 07:45:00;2021-04-09 09:15:00;2021-04-09 09:23:00;90.0;98.0;0.08888888888888889
100;FlyUIBK;VIE;TXL;04.09.2021;14:45;16:15;16:23;8;0;7;2;91.0;2021-04-09 14:45:00;2021-04-09 16:15:00;2021-04-09 16:23:00;90.0;98.0;0.08888888888888889
101;FlyUIBK;VIE;TXL;04.09.2021;20:45;22:15;22:23;8;0;7;2;115.0;2021-04-09 20:45:00;2021-04-09 22:15:00;2021-04-09 22:23:00;90.0;98.0;0.08888888888888889
102;FlyUIBK;VIE;TXL;05.09.2021;07:45;09:15;09:29;14;0;1;2;179.0;2021-05-09 07:45:00;2021-05-09 09:15:00;2021-05-09 09:29:00;90.0;104.0;0.15555555555555556
103;FlyUIBK;VIE;TXL;05.09.2021;14:45;16:15;16:29;14;0;1;2;171.0;2021-05-09 14:45:00;2021-05-09 16:15:00;2021-05-09 16:29:00;90.0;104.0;0.15555555555555556
104;FlyUIBK;VIE;TXL;05.09.2021;20:45;22:15;22:29;14;0;1;2;165.0;2021-05-09 20:45:00;2021-05-09 22:15:00;2021-05-09 22:29:00;90.0;104.0;0.15555555555555556
105;FlyUIBK;VIE;TXL;06.09.2021;07:45;09:15;09:15;0;0;2;2;96.0;2021-06-09 07:45:00;2021-06-09 09:15:00;2021-06-09 09:15:00;90.0;90.0;0.0
106;FlyUIBK;VIE;TXL;06.09.2021;14:45;16:15;16:14;-1;0;2;2;92.0;2021-06-09 14:45:00;2021-06-09 16:15:00;2021-06-09 16:14:00;90.0;89.0;-0.011111111111111112
107;FlyUIBK;VIE;TXL;06.09.2021;20:45;22:15;22:13;-2;0;2;2;95.0;2021-06-09 20:45:00;2021-06-09 22:15:00;2021-06-09 22:13:00;90.0;88.0;-0.022222222222222223
108;FlyUIBK;VIE;TXL;07.09.2021;07:45;09:15;09:28;13;0;3;2;110.0;2021-07-09 07:45:00;2021-07-09 09:15:00;2021-07-09 09:28:00;90.0;103.0;0.14444444444444443
109;FlyUIBK;VIE;TXL;07.09.2021;14:45;16:15;16:28;13;0;3;2;102.0;2021-07-09 14:45:00;2021-07-09 16:15:00;2021-07-09 16:28:00;90.0;103.0;0.14444444444444443
110;FlyUIBK;VIE;TXL;07.09.2021;20:45;22:15;22:28;13;0;3;2;85.0;2021-07-09 20:45:00;2021-07-09 22:15:00;2021-07-09 22:28:00;90.0;103.0;0.14444444444444443
111;FlyUIBK;VIE;TXL;08.09.2021;07:45;09:15;11:32;137;1;4;2;169.0;2021-08-09 07:45:00;2021-08-09 09:15:00;2021-08-09 11:32:00;90.0;227.0;1.5222222222222221
112;FlyUIBK;VIE;TXL;08.09.2021;14:45;16:15;16:42;27;1;4;2;177.0;2021-08-09 14:45:00;2021-08-09 16:15:00;2021-08-09 16:42:00;90.0;117.0;0.3
113;FlyUIBK;VIE;TXL;08.09.2021;20:45;22:15;22:40;25;1;4;2;179.0;2021-08-09 20:45:00;2021-08-09 22:15:00;2021-08-09 22:40:00;90.0;115.0;0.2777777777777778
114;FlyUIBK;VIE;TXL;09.09.2021;07:45;09:15;09:17;2;0;5;2;108.0;2021-09-09 07:45:00;2021-09-09 09:15:00;2021-09-09 09:17:00;90.0;92.0;0.022222222222222223
115;FlyUIBK;VIE;TXL;09.09.2021;14:45;16:15;16:17;2;0;5;2;121.0;2021-09-09 14:45:00;2021-09-09 16:15:00;2021-09-09 16:17:00;90.0;92.0;0.022222222222222223
116;FlyUIBK;VIE;TXL;09.09.2021;20:45;22:15;22:17;2;0;5;2;147.0;2021-09-09 20:45:00;2021-09-09 22:15:00;2021-09-09 22:17:00;90.0;92.0;0.022222222222222223
117;FlyUIBK;VIE;TXL;10.09.2021;07:45;09:15;09:15;0;0;6;2;101.0;2021-10-09 07:45:00;2021-10-09 09:15:00;2021-10-09 09:15:00;90.0;90.0;0.0
118;FlyUIBK;VIE;TXL;10.09.2021;14:45;16:15;16:15;0;0;6;2;102.0;2021-10-09 14:45:00;2021-10-09 16:15:00;2021-10-09 16:15:00;90.0;90.0;0.0
119;FlyUIBK;VIE;TXL;10.09.2021;20:45;22:15;22:15;0;0;6;2;108.0;2021-10-09 20:45:00;2021-10-09 22:15:00;2021-10-09 22:15:00;90.0;90.0;0.0
120;FlyUIBK;VIE;TXL;11.09.2021;07:45;09:15;09:22;7;0;7;2;77.0;2021-11-09 07:45:00;2021-11-09 09:15:00;2021-11-09 09:22:00;90.0;97.0;0.07777777777777778
121;FlyUIBK;VIE;TXL;11.09.2021;14:45;16:15;16:22;7;0;7;2;92.0;2021-11-09 14:45:00;2021-11-09 16:15:00;2021-11-09 16:22:00;90.0;97.0;0.07777777777777778
122;FlyUIBK;VIE;TXL;11.09.2021;20:45;22:15;22:22;7;0;7;2;97.0;2021-11-09 20:45:00;2021-11-09 22:15:00;2021-11-09 22:22:00;90.0;97.0;0.07777777777777778
123;FlyUIBK;VIE;TXL;12.09.2021;07:45;09:15;11:48;153;1;1;2;183.0;2021-12-09 07:45:00;2021-12-09 09:15:00;2021-12-09 11:48:00;90.0;243.0;1.7
124;FlyUIBK;VIE;TXL;12.09.2021;14:45;16:15;18:05;110;1;1;2;181.0;2021-12-09 14:45:00;2021-12-09 16:15:00;2021-12-09 18:05:00;90.0;200.0;1.2222222222222223
125;FlyUIBK;VIE;TXL;12.09.2021;20:45;22:15;23:50;95;1;1;2;169.0;2021-12-09 20:45:00;2021-12-09 22:15:00;2021-12-09 23:50:00;90.0;185.0;1.0555555555555556
126;FlyUIBK;VIE;TXL;13.09.2021;07:45;09:15;09:24;9;0;2;2;88.0;2021-09-13 07:45:00;2021-09-13 09:15:00;2021-09-13 09:24:00;90.0;99.0;0.1
127;FlyUIBK;VIE;TXL;13.09.2021;14:45;16:15;16:24;9;0;2;2;85.0;2021-09-13 14:45:00;2021-09-13 16:15:00;2021-09-13 16:24:00;90.0;99.0;0.1
128;FlyUIBK;VIE;TXL;13.09.2021;20:45;22:15;22:24;9;0;2;2;127.0;2021-09-13 20:45:00;2021-09-13 22:15:00;2021-09-13 22:24:00;90.0;99.0;0.1
129;FlyUIBK;VIE;TXL;14.09.2021;07:45;09:15;09:31;16;1;3;2;102.0;2021-09-14 07:45:00;2021-09-14 09:15:00;2021-09-14 09:31:00;90.0;106.0;0.17777777777777778
130;FlyUIBK;VIE;TXL;14.09.2021;14:45;16:15;16:29;14;0;3;2;91.0;2021-09-14 14:45:00;2021-09-14 16:15:00;2021-09-14 16:29:00;90.0;104.0;0.15555555555555556
131;FlyUIBK;VIE;TXL;14.09.2021;20:45;22:15;22:31;16;1;3;2;84.0;2021-09-14 20:45:00;2021-09-14 22:15:00;2021-09-14 22:31:00;90.0;106.0;0.17777777777777778
132;FlyUIBK;VIE;TXL;15.09.2021;07:45;09:15;09:32;17;1;4;2;170.0;2021-09-15 07:45:00;2021-09-15 09:15:00;2021-09-15 09:32:00;90.0;107.0;0.18888888888888888
133;FlyUIBK;VIE;TXL;15.09.2021;14:45;16:15;16:32;17;1;4;2;180.0;2021-09-15 14:45:00;2021-09-15 16:15:00;2021-09-15 16:32:00;90.0;107.0;0.18888888888888888
134;FlyUIBK;VIE;TXL;15.09.2021;20:45;22:15;22:31;16;1;4;2;158.0;2021-09-15 20:45:00;2021-09-15 22:15:00;2021-09-15 22:31:00;90.0;106.0;0.17777777777777778
135;FlyUIBK;VIE;TXL;16.09.2021;07:45;09:15;09:08;-7;0;5;2;104.0;2021-09-16 07:45:00;2021-09-16 09:15:00;2021-09-16 09:08:00;90.0;83.0;-0.07777777777777778
136;FlyUIBK;VIE;TXL;16.09.2021;14:45;16:15;16:13;-2;0;5;2;84.0;2021-09-16 14:45:00;2021-09-16 16:15:00;2021-09-16 16:13:00;90.0;88.0;-0.022222222222222223
137;FlyUIBK;VIE;TXL;16.09.2021;20:45;22:15;22:09;-6;0;5;2;80.0;2021-09-16 20:45:00;2021-09-16 22:15:00;2021-09-16 22:09:00;90.0;84.0;-0.06666666666666667
138;FlyUIBK;VIE;TXL;17.09.2021;07:45;09:15;09:26;11;0;6;2;106.0;2021-09-17 07:45:00;2021-09-17 09:15:00;2021-09-17 09:26:00;90.0;101.0;0.12222222222222222
139;FlyUIBK;VIE;TXL;17.09.2021;14:45;16:15;16:25;10;0;6;2;85.0;2021-09-17 14:45:00;2021-09-17 16:15:00;2021-09-17 16:25:00;90.0;100.0;0.1111111111111111
140;FlyUIBK;VIE;TXL;17.09.2021;20:45;22:15;22:25;10;0;6;2;119.0;2021-09-17 20:45:00;2021-09-17 22:15:00;2021-09-17 22:25:00;90.0;100.0;0.1111111111111111
141;FlyUIBK;VIE;TXL;18.09.2021;07:45;09:15;09:16;1;0;7;2;113.0;2021-09-18 07:45:00;2021-09-18 09:15:00;2021-09-18 09:16:00;90.0;91.0;0.011111111111111112
142;FlyUIBK;VIE;TXL;18.09.2021;14:45;16:15;16:15;0;0;7;2;119.0;2021-09-18 14:45:00;2021-09-18 16:15:00;2021-09-18 16:15:00;90.0;90.0;0.0
143;FlyUIBK;VIE;TXL;18.09.2021;20:45;22:15;22:15;0;0;7;2;118.0;2021-09-18 20:45:00;2021-09-18 22:15:00;2021-09-18 22:15:00;90.0;90.0;0.0
144;FlyUIBK;VIE;TXL;19.09.2021;07:45;09:15;09:36;21;1;1;2;181.0;2021-09-19 07:45:00;2021-09-19 09:15:00;2021-09-19 09:36:00;90.0;111.0;0.23333333333333334
145;FlyUIBK;VIE;TXL;19.09.2021;14:45;16:15;16:34;19;1;1;2;184.0;2021-09-19 14:45:00;2021-09-19 16:15:00;2021-09-19 16:34:00;90.0;109.0;0.2111111111111111
146;FlyUIBK;VIE;TXL;19.09.2021;20:45;22:15;22:34;19;1;1;2;177.0;2021-09-19 20:45:00;2021-09-19 22:15:00;2021-09-19 22:34:00;90.0;109.0;0.2111111111111111
147;FlyUIBK;VIE;TXL;20.09.2021;07:45;09:15;09:22;7;0;2;2;112.0;2021-09-20 07:45:00;2021-09-20 09:15:00;2021-09-20 09:22:00;90.0;97.0;0.07777777777777778
148;FlyUIBK;VIE;TXL;20.09.2021;14:45;16:15;16:21;6;0;2;2;98.0;2021-09-20 14:45:00;2021-09-20 16:15:00;2021-09-20 16:21:00;90.0;96.0;0.06666666666666667
149;FlyUIBK;VIE;TXL;20.09.2021;20:45;22:15;22:21;6;0;2;2;105.0;2021-09-20 20:45:00;2021-09-20 22:15:00;2021-09-20 22:21:00;90.0;96.0;0.06666666666666667
150;FlyUIBK;VIE;TXL;21.09.2021;07:45;09:15;09:28;13;0;3;2;93.0;2021-09-21 07:45:00;2021-09-21 09:15:00;2021-09-21 09:28:00;90.0;103.0;0.14444444444444443
151;FlyUIBK;VIE;TXL;21.09.2021;14:45;16:15;16:29;14;0;3;2;91.0;2021-09-21 14:45:00;2021-09-21 16:15:00;2021-09-21 16:29:00;90.0;104.0;0.15555555555555556
152;FlyUIBK;VIE;TXL;21.09.2021;20:45;22:15;22:28;13;0;3;2;139.0;2021-09-21 20:45:00;2021-09-21 22:15:00;2021-09-21 22:28:00;90.0;103.0;0.14444444444444443
153;FlyUIBK;VIE;TXL;22.09.2021;07:45;09:15;09:32;17;1;4;2;175.0;2021-09-22 07:45:00;2021-09-22 09:15:00;2021-09-22 09:32:00;90.0;107.0;0.18888888888888888
154;FlyUIBK;VIE;TXL;22.09.2021;14:45;16:15;16:33;18;1;4;2;175.0;2021-09-22 14:45:00;2021-09-22 16:15:00;2021-09-22 16:33:00;90.0;108.0;0.2
155;FlyUIBK;VIE;TXL;22.09.2021;20:45;22:15;22:32;17;1;4;2;162.0;2021-09-22 20:45:00;2021-09-22 22:15:00;2021-09-22 22:32:00;90.0;107.0;0.18888888888888888
156;FlyUIBK;VIE;TXL;23.09.2021;07:45;09:15;09:20;5;0;5;2;85.0;2021-09-23 07:45:00;2021-09-23 09:15:00;2021-09-23 09:20:00;90.0;95.0;0.05555555555555555
157;FlyUIBK;VIE;TXL;23.09.2021;14:45;16:15;16:21;6;0;5;2;99.0;2021-09-23 14:45:00;2021-09-23 16:15:00;2021-09-23 16:21:00;90.0;96.0;0.06666666666666667
158;FlyUIBK;VIE;TXL;23.09.2021;20:45;22:15;22:21;6;0;5;2;93.0;2021-09-23 20:45:00;2021-09-23 22:15:00;2021-09-23 22:21:00;90.0;96.0;0.06666666666666667
159;FlyUIBK;VIE;TXL;24.09.2021;07:45;09:15;09:19;4;0;6;2;112.0;2021-09-24 07:45:00;2021-09-24 09:15:00;2021-09-24 09:19:00;90.0;94.0;0.044444444444444446
160;FlyUIBK;VIE;TXL;24.09.2021;14:45;16:15;16:19;4;0;6;2;118.0;2021-09-24 14:45:00;2021-09-24 16:15:00;2021-09-24 16:19:00;90.0;94.0;0.044444444444444446
161;FlyUIBK;VIE;TXL;24.09.2021;20:45;22:15;22:18;3;0;6;2;116.0;2021-09-24 20:45:00;2021-09-24 22:15:00;2021-09-24 22:18:00;90.0;93.0;0.03333333333333333
162;FlyUIBK;VIE;TXL;25.09.2021;07:45;09:15;09:20;5;0;7;2;93.0;2021-09-25 07:45:00;2021-09-25 09:15:00;2021-09-25 09:20:00;90.0;95.0;0.05555555555555555
163;FlyUIBK;VIE;TXL;25.09.2021;14:45;16:15;16:20;5;0;7;2;97.0;2021-09-25 14:45:00;2021-09-25 16:15:00;2021-09-25 16:20:00;90.0;95.0;0.05555555555555555
164;FlyUIBK;VIE;TXL;25.09.2021;20:45;22:15;22:20;5;0;7;2;95.0;2021-09-25 20:45:00;2021-09-25 22:15:00;2021-09-25 22:20:00;90.0;95.0;0.05555555555555555
165;FlyUIBK;VIE;TXL;26.09.2021;07:45;09:15;09:33;18;1;1;2;175.0;2021-09-26 07:45:00;2021-09-26 09:15:00;2021-09-26 09:33:00;90.0;108.0;0.2
166;FlyUIBK;VIE;TXL;26.09.2021;14:45;16:15;16:33;18;1;1;2;198.0;2021-09-26 14:45:00;2021-09-26 16:15:00;2021-09-26 16:33:00;90.0;108.0;0.2
167;FlyUIBK;VIE;TXL;26.09.2021;20:45;22:15;22:33;18;1;1;2;192.0;2021-09-26 20:45:00;2021-09-26 22:15:00;2021-09-26 22:33:00;90.0;108.0;0.2
168;FlyUIBK;VIE;TXL;27.09.2021;07:45;09:15;09:20;5;0;2;2;101.0;2021-09-27 07:45:00;2021-09-27 09:15:00;2021-09-27 09:20:00;90.0;95.0;0.05555555555555555
169;FlyUIBK;VIE;TXL;27.09.2021;14:45;16:15;16:20;5;0;2;2;108.0;2021-09-27 14:45:00;2021-09-27 16:15:00;2021-09-27 16:20:00;90.0;95.0;0.05555555555555555
170;FlyUIBK;VIE;TXL;27.09.2021;20:45;22:15;22:20;5;0;2;2;85.0;2021-09-27 20:45:00;2021-09-27 22:15:00;2021-09-27 22:20:00;90.0;95.0;0.05555555555555555
171;FlyUIBK;VIE;TXL;28.09.2021;07:45;09:15;09:27;12;0;3;2;81.0;2021-09-28 07:45:00;2021-09-28 09:15:00;2021-09-28 09:27:00;90.0;102.0;0.13333333333333333
172;FlyUIBK;VIE;TXL;28.09.2021;14:45;16:15;16:26;11;0;3;2;98.0;2021-09-28 14:45:00;2021-09-28 16:15:00;2021-09-28 16:26:00;90.0;101.0;0.12222222222222222
173;FlyUIBK;VIE;TXL;28.09.2021;20:45;22:15;22:26;11;0;3;2;128.0;2021-09-28 20:45:00;2021-09-28 22:15:00;2021-09-28 22:26:00;90.0;101.0;0.12222222222222222
174;FlyUIBK;VIE;TXL;29.09.2021;07:45;09:15;11:30;135;1;4;2;181.0;2021-09-29 07:45:00;2021-09-29 09:15:00;2021-09-29 11:30:00;90.0;225.0;1.5
175;FlyUIBK;VIE;TXL;29.09.2021;14:45;16:15;18:27;132;1;4;2;182.0;2021-09-29 14:45:00;2021-09-29 16:15:00;2021-09-29 18:27:00;90.0;222.0;1.4666666666666666
176;FlyUIBK;VIE;TXL;29.09.2021;20:45;22:15;23:53;98;1;4;2;172.0;2021-09-29 20:45:00;2021-09-29 22:15:00;2021-09-29 23:53:00;90.0;188.0;1.0888888888888888
177;FlyUIBK;VIE;TXL;30.09.2021;07:45;09:15;09:23;8;0;5;2;118.0;2021-09-30 07:45:00;2021-09-30 09:15:00;2021-09-30 09:23:00;90.0;98.0;0.08888888888888889
178;FlyUIBK;VIE;TXL;30.09.2021;14:45;16:15;16:23;8;0;5;2;95.0;2021-09-30 14:45:00;2021-09-30 16:15:00;2021-09-30 16:23:00;90.0;98.0;0.08888888888888889
179;FlyUIBK;VIE;TXL;30.09.2021;20:45;22:15;22:22;7;0;5;2;101.0;2021-09-30 20:45:00;2021-09-30 22:15:00;2021-09-30 22:22:00;90.0;97.0;0.07777777777777778
180;FlyUIBK;VIE;OSL;01.09.2021;21:15;22:25;22:43;18;1;4;3;122.0;2021-01-09 21:15:00;2021-01-09 22:25:00;2021-01-09 22:43:00;70.0;88.0;0.2571428571428571
181;FlyUIBK;VIE;OSL;02.09.2021;21:15;22:25;22:32;7;0;5;3;58.0;2021-02-09 21:15:00;2021-02-09 22:25:00;2021-02-09 22:32:00;70.0;77.0;0.1
182;FlyUIBK;VIE;OSL;03.09.2021;21:15;22:25;22:31;6;0;6;3;34.0;2021-03-09 21:15:00;2021-03-09 22:25:00;2021-03-09 22:31:00;70.0;76.0;0.08571428571428572
183;FlyUIBK;VIE;OSL;04.09.2021;21:15;22:25;22:31;6;0;7;3;54.0;2021-04-09 21:15:00;2021-04-09 22:25:00;2021-04-09 22:31:00;70.0;76.0;0.08571428571428572
184;FlyUIBK;VIE;OSL;05.09.2021;21:15;22:25;22:35;10;0;1;3;122.0;2021-05-09 21:15:00;2021-05-09 22:25:00;2021-05-09 22:35:00;70.0;80.0;0.14285714285714285
185;FlyUIBK;VIE;OSL;06.09.2021;21:15;22:25;22:25;0;0;2;3;59.0;2021-06-09 21:15:00;2021-06-09 22:25:00;2021-06-09 22:25:00;70.0;70.0;0.0
186;FlyUIBK;VIE;OSL;07.09.2021;21:15;22:25;22:34;9;0;3;3;72.0;2021-07-09 21:15:00;2021-07-09 22:25:00;2021-07-09 22:34:00;70.0;79.0;0.12857142857142856
187;FlyUIBK;VIE;OSL;08.09.2021;21:15;22:25;22:43;18;1;4;3;130.0;2021-08-09 21:15:00;2021-08-09 22:25:00;2021-08-09 22:43:00;70.0;88.0;0.2571428571428571
188;FlyUIBK;VIE;OSL;09.09.2021;21:15;22:25;22:26;1;0;5;3;54.0;2021-09-09 21:15:00;2021-09-09 22:25:00;2021-09-09 22:26:00;70.0;71.0;0.014285714285714285
189;FlyUIBK;VIE;OSL;10.09.2021;21:15;22:25;22:25;0;0;6;3;56.0;2021-10-09 21:15:00;2021-10-09 22:25:00;2021-10-09 22:25:00;70.0;70.0;0.0
190;FlyUIBK;VIE;OSL;11.09.2021;21:15;22:25;22:29;4;0;7;3;57.0;2021-11-09 21:15:00;2021-11-09 22:25:00;2021-11-09 22:29:00;70.0;74.0;0.05714285714285714
191;FlyUIBK;VIE;OSL;12.09.2021;21:15;22:25;23:35;70;1;1;3;115.0;2021-12-09 21:15:00;2021-12-09 22:25:00;2021-12-09 23:35:00;70.0;140.0;1.0
192;FlyUIBK;VIE;OSL;13.09.2021;21:15;22:25;22:31;6;0;2;3;57.0;2021-09-13 21:15:00;2021-09-13 22:25:00;2021-09-13 22:31:00;70.0;76.0;0.08571428571428572
193;FlyUIBK;VIE;OSL;14.09.2021;21:15;22:25;22:37;12;0;3;3;60.0;2021-09-14 21:15:00;2021-09-14 22:25:00;2021-09-14 22:37:00;70.0;82.0;0.17142857142857143
194;FlyUIBK;VIE;OSL;15.09.2021;21:15;22:25;22:37;12;0;4;3;123.0;2021-09-15 21:15:00;2021-09-15 22:25:00;2021-09-15 22:37:00;70.0;82.0;0.17142857142857143
195;FlyUIBK;VIE;OSL;16.09.2021;21:15;22:25;22:21;-4;0;5;3;54.0;2021-09-16 21:15:00;2021-09-16 22:25:00;2021-09-16 22:21:00;70.0;66.0;-0.05714285714285714
196;FlyUIBK;VIE;OSL;17.09.2021;21:15;22:25;22:33;8;0;6;3;49.0;2021-09-17 21:15:00;2021-09-17 22:25:00;2021-09-17 22:33:00;70.0;78.0;0.11428571428571428
197;FlyUIBK;VIE;OSL;18.09.2021;21:15;22:25;22:25;0;0;7;3;49.0;2021-09-18 21:15:00;2021-09-18 22:25:00;2021-09-18 22:25:00;70.0;70.0;0.0
198;FlyUIBK;VIE;OSL;19.09.2021;21:15;22:25;22:41;16;1;1;3;115.0;2021-09-19 21:15:00;2021-09-19 22:25:00;2021-09-19 22:41:00;70.0;86.0;0.22857142857142856
199;FlyUIBK;VIE;OSL;20.09.2021;21:15;22:25;22:29;4;0;2;3;50.0;2021-09-20 21:15:00;2021-09-20 22:25:00;2021-09-20 22:29:00;70.0;74.0;0.05714285714285714
200;FlyUIBK;VIE;OSL;21.09.2021;21:15;22:25;22:35;10;0;3;3;35.0;2021-09-21 21:15:00;2021-09-21 22:25:00;2021-09-21 22:35:00;70.0;80.0;0.14285714285714285
201;FlyUIBK;VIE;OSL;22.09.2021;21:15;22:25;22:38;13;0;4;3;128.0;2021-09-22 21:15:00;2021-09-22 22:25:00;2021-09-22 22:38:00;70.0;83.0;0.18571428571428572
202;FlyUIBK;VIE;OSL;23.09.2021;21:15;22:25;22:28;3;0;5;3;67.0;2021-09-23 21:15:00;2021-09-23 22:25:00;2021-09-23 22:28:00;70.0;73.0;0.04285714285714286
203;FlyUIBK;VIE;OSL;24.09.2021;21:15;22:25;22:27;2;0;6;3;65.0;2021-09-24 21:15:00;2021-09-24 22:25:00;2021-09-24 22:27:00;70.0;72.0;0.02857142857142857
204;FlyUIBK;VIE;OSL;25.09.2021;21:15;22:25;22:28;3;0;7;3;53.0;2021-09-25 21:15:00;2021-09-25 22:25:00;2021-09-25 22:28:00;70.0;73.0;0.04285714285714286
205;FlyUIBK;VIE;OSL;26.09.2021;21:15;22:25;22:40;15;1;1;3;112.0;2021-09-26 21:15:00;2021-09-26 22:25:00;2021-09-26 22:40:00;70.0;85.0;0.21428571428571427
206;FlyUIBK;VIE;OSL;27.09.2021;21:15;22:25;22:28;3;0;2;3;60.0;2021-09-27 21:15:00;2021-09-27 22:25:00;2021-09-27 22:28:00;70.0;73.0;0.04285714285714286
207;FlyUIBK;VIE;OSL;28.09.2021;21:15;22:25;22:34;9;0;3;3;61.0;2021-09-28 21:15:00;2021-09-28 22:25:00;2021-09-28 22:34:00;70.0;79.0;0.12857142857142856
208;FlyUIBK;VIE;OSL;29.09.2021;21:15;22:25;23:28;63;1;4;3;119.0;2021-09-29 21:15:00;2021-09-29 22:25:00;2021-09-29 23:28:00;70.0;133.0;0.9
209;FlyUIBK;VIE;OSL;30.09.2021;21:15;22:25;22:31;6;0;5;3;60.0;2021-09-30 21:15:00;2021-09-30 22:25:00;2021-09-30 22:31:00;70.0;76.0;0.08571428571428572
210;FlyUIBK;OSL;VIE;01.09.2021;18:05;19:15;19:33;18;1;4;4;137.0;2021-01-09 18:05:00;2021-01-09 19:15:00;2021-01-09 19:33:00;70.0;88.0;0.2571428571428571
211;FlyUIBK;OSL;VIE;02.09.2021;18:05;19:15;19:23;8;0;5;4;65.0;2021-02-09 18:05:00;2021-02-09 19:15:00;2021-02-09 19:23:00;70.0;78.0;0.11428571428571428
212;FlyUIBK;OSL;VIE;03.09.2021;18:05;19:15;19:20;5;0;6;4;62.0;2021-03-09 18:05:00;2021-03-09 19:15:00;2021-03-09 19:20:00;70.0;75.0;0.07142857142857142
213;FlyUIBK;OSL;VIE;04.09.2021;18:05;19:15;19:22;7;0;7;4;61.0;2021-04-09 18:05:00;2021-04-09 19:15:00;2021-04-09 19:22:00;70.0;77.0;0.1
214;FlyUIBK;OSL;VIE;05.09.2021;18:05;19:15;19:27;12;0;1;4;116.0;2021-05-09 18:05:00;2021-05-09 19:15:00;2021-05-09 19:27:00;70.0;82.0;0.17142857142857143
215;FlyUIBK;OSL;VIE;06.09.2021;18:05;19:15;19:12;-3;0;2;4;56.0;2021-06-09 18:05:00;2021-06-09 19:15:00;2021-06-09 19:12:00;70.0;67.0;-0.04285714285714286
216;FlyUIBK;OSL;VIE;07.09.2021;18:05;19:15;19:25;10;0;3;4;58.0;2021-07-09 18:05:00;2021-07-09 19:15:00;2021-07-09 19:25:00;70.0;80.0;0.14285714285714285
217;FlyUIBK;OSL;VIE;08.09.2021;18:05;19:15;19:33;18;1;4;4;102.0;2021-08-09 18:05:00;2021-08-09 19:15:00;2021-08-09 19:33:00;70.0;88.0;0.2571428571428571
218;FlyUIBK;OSL;VIE;09.09.2021;18:05;19:15;19:13;-2;0;5;4;69.0;2021-09-09 18:05:00;2021-09-09 19:15:00;2021-09-09 19:13:00;70.0;68.0;-0.02857142857142857
219;FlyUIBK;OSL;VIE;10.09.2021;18:05;19:15;19:12;-3;0;6;4;78.0;2021-10-09 18:05:00;2021-10-09 19:15:00;2021-10-09 19:12:00;70.0;67.0;-0.04285714285714286
220;FlyUIBK;OSL;VIE;11.09.2021;18:05;19:15;19:19;4;0;7;4;70.0;2021-11-09 18:05:00;2021-11-09 19:15:00;2021-11-09 19:19:00;70.0;74.0;0.05714285714285714
221;FlyUIBK;OSL;VIE;12.09.2021;18:05;19:15;20:30;75;1;1;4;108.0;2021-12-09 18:05:00;2021-12-09 19:15:00;2021-12-09 20:30:00;70.0;145.0;1.0714285714285714
222;FlyUIBK;OSL;VIE;13.09.2021;18:05;19:15;19:22;7;0;2;4;61.0;2021-09-13 18:05:00;2021-09-13 19:15:00;2021-09-13 19:22:00;70.0;77.0;0.1
223;FlyUIBK;OSL;VIE;14.09.2021;18:05;19:15;19:27;12;0;3;4;53.0;2021-09-14 18:05:00;2021-09-14 19:15:00;2021-09-14 19:27:00;70.0;82.0;0.17142857142857143
224;FlyUIBK;OSL;VIE;15.09.2021;18:05;19:15;19:30;15;1;4;4;127.0;2021-09-15 18:05:00;2021-09-15 19:15:00;2021-09-15 19:30:00;70.0;85.0;0.21428571428571427
225;FlyUIBK;OSL;VIE;16.09.2021;18:05;19:15;19:04;-11;0;5;4;79.0;2021-09-16 18:05:00;2021-09-16 19:15:00;2021-09-16 19:04:00;70.0;59.0;-0.15714285714285714
226;FlyUIBK;OSL;VIE;17.09.2021;18:05;19:15;19:23;8;0;6;4;74.0;2021-09-17 18:05:00;2021-09-17 19:15:00;2021-09-17 19:23:00;70.0;78.0;0.11428571428571428
227;FlyUIBK;OSL;VIE;18.09.2021;18:05;19:15;19:12;-3;0;7;4;62.0;2021-09-18 18:05:00;2021-09-18 19:15:00;2021-09-18 19:12:00;70.0;67.0;-0.04285714285714286
228;FlyUIBK;OSL;VIE;19.09.2021;18:05;19:15;19:32;17;1;1;4;119.0;2021-09-19 18:05:00;2021-09-19 19:15:00;2021-09-19 19:32:00;70.0;87.0;0.24285714285714285
229;FlyUIBK;OSL;VIE;20.09.2021;18:05;19:15;19:18;3;0;2;4;63.0;2021-09-20 18:05:00;2021-09-20 19:15:00;2021-09-20 19:18:00;70.0;73.0;0.04285714285714286
230;FlyUIBK;OSL;VIE;21.09.2021;18:05;19:15;19:25;10;0;3;4;68.0;2021-09-21 18:05:00;2021-09-21 19:15:00;2021-09-21 19:25:00;70.0;80.0;0.14285714285714285
231;FlyUIBK;OSL;VIE;22.09.2021;18:05;19:15;19:30;15;1;4;4;124.0;2021-09-22 18:05:00;2021-09-22 19:15:00;2021-09-22 19:30:00;70.0;85.0;0.21428571428571427
232;FlyUIBK;OSL;VIE;23.09.2021;18:05;19:15;19:17;2;0;5;4;68.0;2021-09-23 18:05:00;2021-09-23 19:15:00;2021-09-23 19:17:00;70.0;72.0;0.02857142857142857
233;FlyUIBK;OSL;VIE;24.09.2021;18:05;19:15;19:15;0;0;6;4;75.0;2021-09-24 18:05:00;2021-09-24 19:15:00;2021-09-24 19:15:00;70.0;70.0;0.0
234;FlyUIBK;OSL;VIE;25.09.2021;18:05;19:15;19:15;0;0;7;4;79.0;2021-09-25 18:05:00;2021-09-25 19:15:00;2021-09-25 19:15:00;70.0;70.0;0.0
235;FlyUIBK;OSL;VIE;26.09.2021;18:05;19:15;19:31;16;1;1;4;128.0;2021-09-26 18:05:00;2021-09-26 19:15:00;2021-09-26 19:31:00;70.0;86.0;0.22857142857142856
236;FlyUIBK;OSL;VIE;27.09.2021;18:05;19:15;19:15;0;0;2;4;48.0;2021-09-27 18:05:00;2021-09-27 19:15:00;2021-09-27 19:15:00;70.0;70.0;0.0
237;FlyUIBK;OSL;VIE;28.09.2021;18:05;19:15;19:24;9;0;3;4;53.0;2021-09-28 18:05:00;2021-09-28 19:15:00;2021-09-28 19:24:00;70.0;79.0;0.12857142857142856
238;FlyUIBK;OSL;VIE;29.09.2021;18:05;19:15;20:13;58;1;4;4;106.0;2021-09-29 18:05:00;2021-09-29 19:15:00;2021-09-29 20:13:00;70.0;128.0;0.8285714285714286
239;FlyUIBK;OSL;VIE;30.09.2021;18:05;19:15;19:20;5;0;5;4;70.0;2021-09-30 18:05:00;2021-09-30 19:15:00;2021-09-30 19:20:00;70.0;75.0;0.07142857142857142
240;LDA;TXL;VIE;01.09.2021;21:55;23:35;23:51;16;1;4;1;;2021-01-09 21:55:00;2021-01-09 23:35:00;2021-01-09 23:51:00;100.0;116.0;0.16
241;LDA;TXL;VIE;02.09.2021;21:55;23:35;23:49;14;0;5;1;;2021-02-09 21:55:00;2021-02-09 23:35:00;2021-02-09 23:49:00;100.0;114.0;0.14
242;LDA;TXL;VIE;03.09.2021;21:55;23:35;23:48;13;0;6;1;;2021-03-09 21:55:00;2021-03-09 23:35:00;2021-03-09 23:48:00;100.0;113.0;0.13
243;LDA;TXL;VIE;04.09.2021;21:55;23:35;23:49;14;0;7;1;;2021-04-09 21:55:00;2021-04-09 23:35:00;2021-04-09 23:49:00;100.0;114.0;0.14
244;LDA;TXL;VIE;05.09.2021;21:55;23:35;23:50;15;1;1;1;;2021-05-09 21:55:00;2021-05-09 23:35:00;2021-05-09 23:50:00;100.0;115.0;0.15
245;LDA;TXL;VIE;06.09.2021;21:55;23:35;23:47;12;0;2;1;;2021-06-09 21:55:00;2021-06-09 23:35:00;2021-06-09 23:47:00;100.0;112.0;0.12
246;LDA;TXL;VIE;07.09.2021;21:55;23:35;23:49;14;0;3;1;;2021-07-09 21:55:00;2021-07-09 23:35:00;2021-07-09 23:49:00;100.0;114.0;0.14
247;LDA;TXL;VIE;08.09.2021;21:55;23:35;23:51;16;1;4;1;;2021-08-09 21:55:00;2021-08-09 23:35:00;2021-08-09 23:51:00;100.0;116.0;0.16
248;LDA;TXL;VIE;09.09.2021;21:55;23:35;23:47;12;0;5;1;;2021-09-09 21:55:00;2021-09-09 23:35:00;2021-09-09 23:47:00;100.0;112.0;0.12
249;LDA;TXL;VIE;10.09.2021;21:55;23:35;23:47;12;0;6;1;;2021-10-09 21:55:00;2021-10-09 23:35:00;2021-10-09 23:47:00;100.0;112.0;0.12
250;LDA;TXL;VIE;11.09.2021;21:55;23:35;23:48;13;0;7;1;;2021-11-09 21:55:00;2021-11-09 23:35:00;2021-11-09 23:48:00;100.0;113.0;0.13
251;LDA;TXL;VIE;13.09.2021;21:55;23:35;23:49;14;0;2;1;;2021-09-13 21:55:00;2021-09-13 23:35:00;2021-09-13 23:49:00;100.0;114.0;0.14
252;LDA;TXL;VIE;14.09.2021;21:55;23:35;23:50;15;1;3;1;;2021-09-14 21:55:00;2021-09-14 23:35:00;2021-09-14 23:50:00;100.0;115.0;0.15
253;LDA;TXL;VIE;15.09.2021;21:55;23:35;23:50;15;1;4;1;;2021-09-15 21:55:00;2021-09-15 23:35:00;2021-09-15 23:50:00;100.0;115.0;0.15
254;LDA;TXL;VIE;16.09.2021;21:55;23:35;23:46;11;0;5;1;;2021-09-16 21:55:00;2021-09-16 23:35:00;2021-09-16 23:46:00;100.0;111.0;0.11
255;LDA;TXL;VIE;17.09.2021;21:55;23:35;23:49;14;0;6;1;;2021-09-17 21:55:00;2021-09-17 23:35:00;2021-09-17 23:49:00;100.0;114.0;0.14
256;LDA;TXL;VIE;18.09.2021;21:55;23:35;23:47;12;0;7;1;;2021-09-18 21:55:00;2021-09-18 23:35:00;2021-09-18 23:47:00;100.0;112.0;0.12
257;LDA;TXL;VIE;19.09.2021;21:55;23:35;23:51;16;1;1;1;;2021-09-19 21:55:00;2021-09-19 23:35:00;2021-09-19 23:51:00;100.0;116.0;0.16
258;LDA;TXL;VIE;20.09.2021;21:55;23:35;23:48;13;0;2;1;;2021-09-20 21:55:00;2021-09-20 23:35:00;2021-09-20 23:48:00;100.0;113.0;0.13
259;LDA;TXL;VIE;21.09.2021;21:55;23:35;23:49;14;0;3;1;;2021-09-21 21:55:00;2021-09-21 23:35:00;2021-09-21 23:49:00;100.0;114.0;0.14
260;LDA;TXL;VIE;22.09.2021;21:55;23:35;23:50;15;1;4;1;;2021-09-22 21:55:00;2021-09-22 23:35:00;2021-09-22 23:50:00;100.0;115.0;0.15
261;LDA;TXL;VIE;23.09.2021;21:55;23:35;23:48;13;0;5;1;;2021-09-23 21:55:00;2021-09-23 23:35:00;2021-09-23 23:48:00;100.0;113.0;0.13
262;LDA;TXL;VIE;24.09.2021;21:55;23:35;23:48;13;0;6;1;;2021-09-24 21:55:00;2021-09-24 23:35:00;2021-09-24 23:48:00;100.0;113.0;0.13
263;LDA;TXL;VIE;25.09.2021;21:55;23:35;23:48;13;0;7;1;;2021-09-25 21:55:00;2021-09-25 23:35:00;2021-09-25 23:48:00;100.0;113.0;0.13
264;LDA;TXL;VIE;26.09.2021;21:55;23:35;23:50;15;1;1;1;;2021-09-26 21:55:00;2021-09-26 23:35:00;2021-09-26 23:50:00;100.0;115.0;0.15
265;LDA;TXL;VIE;27.09.2021;21:55;23:35;23:48;13;0;2;1;;2021-09-27 21:55:00;2021-09-27 23:35:00;2021-09-27 23:48:00;100.0;113.0;0.13
266;LDA;TXL;VIE;28.09.2021;21:55;23:35;23:49;14;0;3;1;;2021-09-28 21:55:00;2021-09-28 23:35:00;2021-09-28 23:49:00;100.0;114.0;0.14
267;LDA;TXL;VIE;30.09.2021;21:55;23:35;23:48;13;0;5;1;;2021-09-30 21:55:00;2021-09-30 23:35:00;2021-09-30 23:48:00;100.0;113.0;0.13
268;LDA;VIE;TXL;01.09.2021;13:35;15:15;15:31;16;1;4;2;;2021-01-09 13:35:00;2021-01-09 15:15:00;2021-01-09 15:31:00;100.0;116.0;0.16
269;LDA;VIE;TXL;02.09.2021;13:35;15:15;15:29;14;0;5;2;;2021-02-09 13:35:00;2021-02-09 15:15:00;2021-02-09 15:29:00;100.0;114.0;0.14
270;LDA;VIE;TXL;03.09.2021;13:35;15:15;15:28;13;0;6;2;;2021-03-09 13:35:00;2021-03-09 15:15:00;2021-03-09 15:28:00;100.0;113.0;0.13
271;LDA;VIE;TXL;04.09.2021;13:35;15:15;15:28;13;0;7;2;;2021-04-09 13:35:00;2021-04-09 15:15:00;2021-04-09 15:28:00;100.0;113.0;0.13
272;LDA;VIE;TXL;05.09.2021;13:35;15:15;15:30;15;1;1;2;;2021-05-09 13:35:00;2021-05-09 15:15:00;2021-05-09 15:30:00;100.0;115.0;0.15
273;LDA;VIE;TXL;06.09.2021;13:35;15:15;15:27;12;0;2;2;;2021-06-09 13:35:00;2021-06-09 15:15:00;2021-06-09 15:27:00;100.0;112.0;0.12
274;LDA;VIE;TXL;07.09.2021;13:35;15:15;15:29;14;0;3;2;;2021-07-09 13:35:00;2021-07-09 15:15:00;2021-07-09 15:29:00;100.0;114.0;0.14
275;LDA;VIE;TXL;08.09.2021;13:35;15:15;15:31;16;1;4;2;;2021-08-09 13:35:00;2021-08-09 15:15:00;2021-08-09 15:31:00;100.0;116.0;0.16
276;LDA;VIE;TXL;09.09.2021;13:35;15:15;15:27;12;0;5;2;;2021-09-09 13:35:00;2021-09-09 15:15:00;2021-09-09 15:27:00;100.0;112.0;0.12
277;LDA;VIE;TXL;10.09.2021;13:35;15:15;15:27;12;0;6;2;;2021-10-09 13:35:00;2021-10-09 15:15:00;2021-10-09 15:27:00;100.0;112.0;0.12
278;LDA;VIE;TXL;11.09.2021;13:35;15:15;15:28;13;0;7;2;;2021-11-09 13:35:00;2021-11-09 15:15:00;2021-11-09 15:28:00;100.0;113.0;0.13
279;LDA;VIE;TXL;13.09.2021;13:35;15:15;15:28;13;0;2;2;;2021-09-13 13:35:00;2021-09-13 15:15:00;2021-09-13 15:28:00;100.0;113.0;0.13
280;LDA;VIE;TXL;14.09.2021;13:35;15:15;15:30;15;1;3;2;;2021-09-14 13:35:00;2021-09-14 15:15:00;2021-09-14 15:30:00;100.0;115.0;0.15
281;LDA;VIE;TXL;15.09.2021;13:35;15:15;15:30;15;1;4;2;;2021-09-15 13:35:00;2021-09-15 15:15:00;2021-09-15 15:30:00;100.0;115.0;0.15
282;LDA;VIE;TXL;16.09.2021;13:35;15:15;15:26;11;0;5;2;;2021-09-16 13:35:00;2021-09-16 15:15:00;2021-09-16 15:26:00;100.0;111.0;0.11
283;LDA;VIE;TXL;17.09.2021;13:35;15:15;15:29;14;0;6;2;;2021-09-17 13:35:00;2021-09-17 15:15:00;2021-09-17 15:29:00;100.0;114.0;0.14
284;LDA;VIE;TXL;18.09.2021;13:35;15:15;15:27;12;0;7;2;;2021-09-18 13:35:00;2021-09-18 15:15:00;2021-09-18 15:27:00;100.0;112.0;0.12
285;LDA;VIE;TXL;19.09.2021;13:35;15:15;15:30;15;1;1;2;;2021-09-19 13:35:00;2021-09-19 15:15:00;2021-09-19 15:30:00;100.0;115.0;0.15
286;LDA;VIE;TXL;20.09.2021;13:35;15:15;15:28;13;0;2;2;;2021-09-20 13:35:00;2021-09-20 15:15:00;2021-09-20 15:28:00;100.0;113.0;0.13
287;LDA;VIE;TXL;21.09.2021;13:35;15:15;15:29;14;0;3;2;;2021-09-21 13:35:00;2021-09-21 15:15:00;2021-09-21 15:29:00;100.0;114.0;0.14
288;LDA;VIE;TXL;22.09.2021;13:35;15:15;15:30;15;1;4;2;;2021-09-22 13:35:00;2021-09-22 15:15:00;2021-09-22 15:30:00;100.0;115.0;0.15
289;LDA;VIE;TXL;23.09.2021;13:35;15:15;15:28;13;0;5;2;;2021-09-23 13:35:00;2021-09-23 15:15:00;2021-09-23 15:28:00;100.0;113.0;0.13
290;LDA;VIE;TXL;24.09.2021;13:35;15:15;15:27;12;0;6;2;;2021-09-24 13:35:00;2021-09-24 15:15:00;2021-09-24 15:27:00;100.0;112.0;0.12
291;LDA;VIE;TXL;25.09.2021;13:35;15:15;15:27;12;0;7;2;;2021-09-25 13:35:00;2021-09-25 15:15:00;2021-09-25 15:27:00;100.0;112.0;0.12
292;LDA;VIE;TXL;26.09.2021;13:35;15:15;15:30;15;1;1;2;;2021-09-26 13:35:00;2021-09-26 15:15:00;2021-09-26 15:30:00;100.0;115.0;0.15
293;LDA;VIE;TXL;27.09.2021;13:35;15:15;15:27;12;0;2;2;;2021-09-27 13:35:00;2021-09-27 15:15:00;2021-09-27 15:27:00;100.0;112.0;0.12
294;LDA;VIE;TXL;28.09.2021;13:35;15:15;15:29;14;0;3;2;;2021-09-28 13:35:00;2021-09-28 15:15:00;2021-09-28 15:29:00;100.0;114.0;0.14
295;LDA;VIE;TXL;29.09.2021;13:35;15:15;15:32;17;1;4;2;;2021-09-29 13:35:00;2021-09-29 15:15:00;2021-09-29 15:32:00;100.0;117.0;0.17
296;LDA;VIE;TXL;30.09.2021;13:35;15:15;15:28;13;0;5;2;;2021-09-30 13:35:00;2021-09-30 15:15:00;2021-09-30 15:28:00;100.0;113.0;0.13
297;LDA;VIE;OSL;01.09.2021;20:20;21:35;21:53;18;1;4;3;;2021-01-09 20:20:00;2021-01-09 21:35:00;2021-01-09 21:53:00;75.0;93.0;0.24
298;LDA;VIE;OSL;02.09.2021;20:20;21:35;21:46;11;0;5;3;;2021-02-09 20:20:00;2021-02-09 21:35:00;2021-02-09 21:46:00;75.0;86.0;0.14666666666666667
299;LDA;VIE;OSL;03.09.2021;20:20;21:35;21:44;9;0;6;3;;2021-03-09 20:20:00;2021-03-09 21:35:00;2021-03-09 21:44:00;75.0;84.0;0.12
300;LDA;VIE;OSL;04.09.2021;20:20;21:35;21:46;11;0;7;3;;2021-04-09 20:20:00;2021-04-09 21:35:00;2021-04-09 21:46:00;75.0;86.0;0.14666666666666667
301;LDA;VIE;OSL;05.09.2021;20:20;21:35;21:48;13;0;1;3;;2021-05-09 20:20:00;2021-05-09 21:35:00;2021-05-09 21:48:00;75.0;88.0;0.17333333333333334
302;LDA;VIE;OSL;06.09.2021;20:20;21:35;21:32;-3;0;2;3;;2021-06-09 20:20:00;2021-06-09 21:35:00;2021-06-09 21:32:00;75.0;72.0;-0.04
303;LDA;VIE;OSL;07.09.2021;20:20;21:35;21:48;13;0;3;3;;2021-07-09 20:20:00;2021-07-09 21:35:00;2021-07-09 21:48:00;75.0;88.0;0.17333333333333334
304;LDA;VIE;OSL;08.09.2021;20:20;21:35;21:53;18;1;4;3;;2021-08-09 20:20:00;2021-08-09 21:35:00;2021-08-09 21:53:00;75.0;93.0;0.24
305;LDA;VIE;OSL;09.09.2021;20:20;21:35;21:41;6;0;5;3;;2021-09-09 20:20:00;2021-09-09 21:35:00;2021-09-09 21:41:00;75.0;81.0;0.08
306;LDA;VIE;OSL;10.09.2021;20:20;21:35;21:33;-2;0;6;3;;2021-10-09 20:20:00;2021-10-09 21:35:00;2021-10-09 21:33:00;75.0;73.0;-0.02666666666666667
307;LDA;VIE;OSL;11.09.2021;20:20;21:35;21:44;9;0;7;3;;2021-11-09 20:20:00;2021-11-09 21:35:00;2021-11-09 21:44:00;75.0;84.0;0.12
308;LDA;VIE;OSL;12.09.2021;20:20;21:35;21:57;22;1;1;3;;2021-12-09 20:20:00;2021-12-09 21:35:00;2021-12-09 21:57:00;75.0;97.0;0.29333333333333333
309;LDA;VIE;OSL;13.09.2021;20:20;21:35;21:46;11;0;2;3;;2021-09-13 20:20:00;2021-09-13 21:35:00;2021-09-13 21:46:00;75.0;86.0;0.14666666666666667
310;LDA;VIE;OSL;14.09.2021;20:20;21:35;21:49;14;0;3;3;;2021-09-14 20:20:00;2021-09-14 21:35:00;2021-09-14 21:49:00;75.0;89.0;0.18666666666666668
311;LDA;VIE;OSL;15.09.2021;20:20;21:35;21:49;14;0;4;3;;2021-09-15 20:20:00;2021-09-15 21:35:00;2021-09-15 21:49:00;75.0;89.0;0.18666666666666668
312;LDA;VIE;OSL;16.09.2021;20:20;21:35;21:22;-13;0;5;3;;2021-09-16 20:20:00;2021-09-16 21:35:00;2021-09-16 21:22:00;75.0;62.0;-0.17333333333333334
313;LDA;VIE;OSL;17.09.2021;20:20;21:35;21:47;12;0;6;3;;2021-09-17 20:20:00;2021-09-17 21:35:00;2021-09-17 21:47:00;75.0;87.0;0.16
314;LDA;VIE;OSL;18.09.2021;20:20;21:35;21:40;5;0;7;3;;2021-09-18 20:20:00;2021-09-18 21:35:00;2021-09-18 21:40:00;75.0;80.0;0.06666666666666667
315;LDA;VIE;OSL;19.09.2021;20:20;21:35;21:53;18;1;1;3;;2021-09-19 20:20:00;2021-09-19 21:35:00;2021-09-19 21:53:00;75.0;93.0;0.24
316;LDA;VIE;OSL;20.09.2021;20:20;21:35;21:43;8;0;2;3;;2021-09-20 20:20:00;2021-09-20 21:35:00;2021-09-20 21:43:00;75.0;83.0;0.10666666666666667
317;LDA;VIE;OSL;21.09.2021;20:20;21:35;21:48;13;0;3;3;;2021-09-21 20:20:00;2021-09-21 21:35:00;2021-09-21 21:48:00;75.0;88.0;0.17333333333333334
318;LDA;VIE;OSL;22.09.2021;20:20;21:35;21:49;14;0;4;3;;2021-09-22 20:20:00;2021-09-22 21:35:00;2021-09-22 21:49:00;75.0;89.0;0.18666666666666668
319;LDA;VIE;OSL;23.09.2021;20:20;21:35;21:42;7;0;5;3;;2021-09-23 20:20:00;2021-09-23 21:35:00;2021-09-23 21:42:00;75.0;82.0;0.09333333333333334
320;LDA;VIE;OSL;24.09.2021;20:20;21:35;21:41;6;0;6;3;;2021-09-24 20:20:00;2021-09-24 21:35:00;2021-09-24 21:41:00;75.0;81.0;0.08
321;LDA;VIE;OSL;25.09.2021;20:20;21:35;21:41;6;0;7;3;;2021-09-25 20:20:00;2021-09-25 21:35:00;2021-09-25 21:41:00;75.0;81.0;0.08
322;LDA;VIE;OSL;26.09.2021;20:20;21:35;21:52;17;1;1;3;;2021-09-26 20:20:00;2021-09-26 21:35:00;2021-09-26 21:52:00;75.0;92.0;0.22666666666666666
323;LDA;VIE;OSL;27.09.2021;20:20;21:35;21:42;7;0;2;3;;2021-09-27 20:20:00;2021-09-27 21:35:00;2021-09-27 21:42:00;75.0;82.0;0.09333333333333334
324;LDA;VIE;OSL;28.09.2021;20:20;21:35;21:47;12;0;3;3;;2021-09-28 20:20:00;2021-09-28 21:35:00;2021-09-28 21:47:00;75.0;87.0;0.16
325;LDA;VIE;OSL;29.09.2021;20:20;21:35;21:54;19;1;4;3;;2021-09-29 20:20:00;2021-09-29 21:35:00;2021-09-29 21:54:00;75.0;94.0;0.25333333333333335
326;LDA;VIE;OSL;30.09.2021;20:20;21:35;21:46;11;0;5;3;;2021-09-30 20:20:00;2021-09-30 21:35:00;2021-09-30 21:46:00;75.0;86.0;0.14666666666666667
327;LDA;OSL;VIE;01.09.2021;06:35;07:50;08:07;17;1;4;4;;2021-01-09 06:35:00;2021-01-09 07:50:00;2021-01-09 08:07:00;75.0;92.0;0.22666666666666666
328;LDA;OSL;VIE;02.09.2021;06:35;07:50;07:55;5;0;5;4;;2021-02-09 06:35:00;2021-02-09 07:50:00;2021-02-09 07:55:00;75.0;80.0;0.06666666666666667
329;LDA;OSL;VIE;03.09.2021;06:35;07:50;07:53;3;0;6;4;;2021-03-09 06:35:00;2021-03-09 07:50:00;2021-03-09 07:53:00;75.0;78.0;0.04
330;LDA;OSL;VIE;04.09.2021;06:35;07:50;07:53;3;0;7;4;;2021-04-09 06:35:00;2021-04-09 07:50:00;2021-04-09 07:53:00;75.0;78.0;0.04
331;LDA;OSL;VIE;05.09.2021;06:35;07:50;08:00;10;0;1;4;;2021-05-09 06:35:00;2021-05-09 07:50:00;2021-05-09 08:00:00;75.0;85.0;0.13333333333333333
332;LDA;OSL;VIE;06.09.2021;06:35;07:50;07:45;-5;0;2;4;;2021-06-09 06:35:00;2021-06-09 07:50:00;2021-06-09 07:45:00;75.0;70.0;-0.06666666666666667
333;LDA;OSL;VIE;07.09.2021;06:35;07:50;07:58;8;0;3;4;;2021-07-09 06:35:00;2021-07-09 07:50:00;2021-07-09 07:58:00;75.0;83.0;0.10666666666666667
334;LDA;OSL;VIE;08.09.2021;06:35;07:50;08:08;18;1;4;4;;2021-08-09 06:35:00;2021-08-09 07:50:00;2021-08-09 08:08:00;75.0;93.0;0.24
335;LDA;OSL;VIE;09.09.2021;06:35;07:50;07:48;-2;0;5;4;;2021-09-09 06:35:00;2021-09-09 07:50:00;2021-09-09 07:48:00;75.0;73.0;-0.02666666666666667
336;LDA;OSL;VIE;10.09.2021;06:35;07:50;07:47;-3;0;6;4;;2021-10-09 06:35:00;2021-10-09 07:50:00;2021-10-09 07:47:00;75.0;72.0;-0.04
337;LDA;OSL;VIE;11.09.2021;06:35;07:50;07:51;1;0;7;4;;2021-11-09 06:35:00;2021-11-09 07:50:00;2021-11-09 07:51:00;75.0;76.0;0.013333333333333334
338;LDA;OSL;VIE;12.09.2021;06:35;07:50;08:17;27;1;1;4;;2021-12-09 06:35:00;2021-12-09 07:50:00;2021-12-09 08:17:00;75.0;102.0;0.36
339;LDA;OSL;VIE;13.09.2021;06:35;07:50;07:54;4;0;2;4;;2021-09-13 06:35:00;2021-09-13 07:50:00;2021-09-13 07:54:00;75.0;79.0;0.05333333333333334
340;LDA;OSL;VIE;14.09.2021;06:35;07:50;08:04;14;0;3;4;;2021-09-14 06:35:00;2021-09-14 07:50:00;2021-09-14 08:04:00;75.0;89.0;0.18666666666666668
341;LDA;OSL;VIE;15.09.2021;06:35;07:50;08:05;15;1;4;4;;2021-09-15 06:35:00;2021-09-15 07:50:00;2021-09-15 08:05:00;75.0;90.0;0.2
342;LDA;OSL;VIE;16.09.2021;06:35;07:50;07:43;-7;0;5;4;;2021-09-16 06:35:00;2021-09-16 07:50:00;2021-09-16 07:43:00;75.0;68.0;-0.09333333333333334
343;LDA;OSL;VIE;17.09.2021;06:35;07:50;07:56;6;0;6;4;;2021-09-17 06:35:00;2021-09-17 07:50:00;2021-09-17 07:56:00;75.0;81.0;0.08
344;LDA;OSL;VIE;18.09.2021;06:35;07:50;07:47;-3;0;7;4;;2021-09-18 06:35:00;2021-09-18 07:50:00;2021-09-18 07:47:00;75.0;72.0;-0.04
345;LDA;OSL;VIE;19.09.2021;06:35;07:50;08:07;17;1;1;4;;2021-09-19 06:35:00;2021-09-19 07:50:00;2021-09-19 08:07:00;75.0;92.0;0.22666666666666666
346;LDA;OSL;VIE;20.09.2021;06:35;07:50;07:51;1;0;2;4;;2021-09-20 06:35:00;2021-09-20 07:50:00;2021-09-20 07:51:00;75.0;76.0;0.013333333333333334
347;LDA;OSL;VIE;21.09.2021;06:35;07:50;07:58;8;0;3;4;;2021-09-21 06:35:00;2021-09-21 07:50:00;2021-09-21 07:58:00;75.0;83.0;0.10666666666666667
348;LDA;OSL;VIE;22.09.2021;06:35;07:50;08:05;15;1;4;4;;2021-09-22 06:35:00;2021-09-22 07:50:00;2021-09-22 08:05:00;75.0;90.0;0.2
349;LDA;OSL;VIE;23.09.2021;06:35;07:50;07:51;1;0;5;4;;2021-09-23 06:35:00;2021-09-23 07:50:00;2021-09-23 07:51:00;75.0;76.0;0.013333333333333334
350;LDA;OSL;VIE;25.09.2021;06:35;07:50;07:48;-2;0;7;4;;2021-09-25 06:35:00;2021-09-25 07:50:00;2021-09-25 07:48:00;75.0;73.0;-0.02666666666666667
351;LDA;OSL;VIE;26.09.2021;06:35;07:50;08:06;16;1;1;4;;2021-09-26 06:35:00;2021-09-26 07:50:00;2021-09-26 08:06:00;75.0;91.0;0.21333333333333335
352;LDA;OSL;VIE;27.09.2021;06:35;07:50;07:50;0;0;2;4;;2021-09-27 06:35:00;2021-09-27 07:50:00;2021-09-27 07:50:00;75.0;75.0;0.0
353;LDA;OSL;VIE;28.09.2021;06:35;07:50;07:56;6;0;3;4;;2021-09-28 06:35:00;2021-09-28 07:50:00;2021-09-28 07:56:00;75.0;81.0;0.08
354;LDA;OSL;VIE;29.09.2021;06:35;07:50;08:09;19;1;4;4;;2021-09-29 06:35:00;2021-09-29 07:50:00;2021-09-29 08:09:00;75.0;94.0;0.25333333333333335
355;LDA;OSL;VIE;30.09.2021;06:35;07:50;07:53;3;0;5;4;;2021-09-30 06:35:00;2021-09-30 07:50:00;2021-09-30 07:53:00;75.0;78.0;0.04
